post_id,title,category,score,num_comments,author,collected_at,engagement,is_popular
47687273,The Git Commands I Run Before Reading Any Code,technology,135,31,grepsedawk,2026-04-08 11:04:22,0.22794117647058823,False
47686549,Veracrypt Project Update,others,347,92,super256,2026-04-08 11:04:22,0.26436781609195403,True
47685739,Revision Demoparty 2026: Razor1911 [video],others,193,72,tetrisgm,2026-04-08 11:04:22,0.3711340206185567,True
47687533,I've Sold Out,others,44,7,doppp,2026-04-08 11:04:22,0.15555555555555556,False
47679121,Project Glasswing: Securing critical software for the AI era,technology,1315,654,Ryan5453,2026-04-08 11:04:22,0.4969604863221885,True
47657204,Show HN: We built a camera only robot vacuum for less than 300$ (Well almost),entertainment,38,5,indraneelpatil,2026-04-08 11:04:22,0.1282051282051282,False
47676509,Lunar Flyby,others,739,182,kipi,2026-04-08 11:04:22,0.24594594594594596,True
47656518,Your File System Is Already A Graph Database,technology,19,2,alxndr,2026-04-08 11:04:22,0.1,False
47684514,Protect your shed,others,178,51,baely,2026-04-08 11:04:23,0.2849162011173184,True
47679258,System Card: Claude Mythos Preview [pdf],others,715,513,be7a,2026-04-08 11:04:23,0.7164804469273743,True
47622436,Slightly safer vibecoding by adopting old hacker habits,others,116,63,transpute,2026-04-08 11:04:23,0.5384615384615384,False
47677853,GLM-5.1: Towards Long-Horizon Tasks,worldnews,540,221,zixuanlimit,2026-04-08 11:04:23,0.40850277264325324,True
47634422,Native Americans had dice 12k years ago,others,73,29,delichon,2026-04-08 11:04:23,0.3918918918918919,False
47650887,How to get better at guitar,others,346,174,jwworth,2026-04-08 11:04:23,0.5014409221902018,True
47678573,Cambodia unveils statue to honour famous landmine-sniffing rat,others,400,92,speckx,2026-04-08 11:04:23,0.22942643391521197,True
47680404,S3 Files,others,309,91,werner,2026-04-08 11:04:23,0.29354838709677417,True
47657268,A truck driver spent 20 years making a scale model of every building in NYC,others,340,55,1659447091,2026-04-08 11:04:24,0.16129032258064516,True
47681112,Show HN: An interactive map of Tolkien's Middle-earth,entertainment,212,41,frasermarlow,2026-04-08 11:04:24,0.19248826291079812,True
47653642,Binary obfuscation used in AAA Games,sports,100,42,noztol,2026-04-08 11:04:24,0.4158415841584158,False
47624572,A database of analog cameras that can be 3D printed,technology,109,15,thomasjb,2026-04-08 11:04:24,0.13636363636363635,False
47675625,Cloudflare targets 2029 for full post-quantum security,technology,337,102,ilreb,2026-04-08 11:04:24,0.30177514792899407,True
47682276,US and Iran agree to provisional ceasefire,others,499,1472,g-b-r,2026-04-08 11:04:24,2.944,True
47637665,The Clock,others,76,29,senko,2026-04-08 11:04:24,0.37662337662337664,False
47643326,Hobby CNC machining and resin casting (2015),others,14,4,achierius,2026-04-08 11:04:24,0.26666666666666666,False
47682719,Xilem – An experimental Rust native UI framework,others,103,37,Levitating,2026-04-08 11:04:24,0.3557692307692308,False
47677885,Rescuing old printers with an in-browser Linux VM bridged to WebUSB over USB/IP,others,203,86,gmac,2026-04-08 11:04:24,0.4215686274509804,True
47683376,JSIR: A High-Level IR for JavaScript,others,59,15,nnx,2026-04-08 11:04:25,0.25,False
47680309,Show HN: Gemma 4 Multimodal Fine-Tuner for Apple Silicon,entertainment,183,24,MediaSquirrel,2026-04-08 11:04:25,0.13043478260869565,True
47654626,A whole boss fight in 256 bytes,others,112,45,HellMood,2026-04-08 11:04:25,0.39823008849557523,False
47627217,Running out of disk space in production,science,207,116,romes,2026-04-08 11:04:25,0.5576923076923077,True
47687248,Škoda DuoBell: A bicycle bell that penetrates noise-cancelling headphones,others,121,170,ra,2026-04-08 11:04:25,1.3934426229508197,False
47685685,Acoustic Eavesdropping with Telecom Fiber Optic Cables,others,11,0,Chaucer,2026-04-08 11:04:25,0.0,False
47675213,Google open-sources experimental agent orchestration testbed Scion,others,210,54,timbilt,2026-04-08 11:04:25,0.2559241706161137,True
47658104,The Image Boards of Hayao Miyazaki,others,185,16,vinhnx,2026-04-08 11:04:25,0.08602150537634409,True
47659135,Sam Altman may control our future – can he be trusted?,others,2021,853,adrianhon,2026-04-08 11:04:25,0.4218595450049456,True
47681274,Bitcoin and quantum computing,others,151,110,nehan,2026-04-08 11:04:25,0.7236842105263158,False
47675372,Has electricity decoupled from natural gas prices in Germany?,others,118,162,konschubert,2026-04-08 11:04:26,1.361344537815126,False
47675893,A blind man made it possible for others with low vision to build Lego sets,others,81,7,speckx,2026-04-08 11:04:26,0.08536585365853659,False
47672362,An Arctic Road Trip Brings Vital Underground Networks into View,others,8,0,ibobev,2026-04-08 11:04:26,0.0,False
47673360,Show HN: Brutalist Concrete Laptop Stand (2024),entertainment,754,230,sam-bee,2026-04-08 11:04:26,0.304635761589404,True
47680124,IPv6 is the only way forward,worldnews,71,184,quaintdev,2026-04-08 11:04:26,2.5555555555555554,False
47672295,Every GPU That Mattered,technology,314,197,jonbaer,2026-04-08 11:04:26,0.6253968253968254,True
47664836,AI helps add 10k more photos to OldNYC,technology,133,45,evakhoury,2026-04-08 11:04:26,0.3358208955223881,False
47643779,ACE on a USB-HDMI Adapter,others,16,3,theblazehen,2026-04-08 11:04:26,0.17647058823529413,False
47675155,You can't cancel a JavaScript promise (except sometimes you can),others,87,54,goodoldneon,2026-04-08 11:04:26,0.6136363636363636,False
47671219,John Coltrane illustrates the mathematics of jazz,others,121,17,luu,2026-04-08 11:04:26,0.13934426229508196,False
47679155,Assessing Claude Mythos Preview's cybersecurity capabilities,others,286,42,sweis,2026-04-08 11:04:27,0.14634146341463414,True
47676557,Moving fast in hardware: lessons from lab to $100M ARR,worldnews,105,24,rryan,2026-04-08 11:04:27,0.22641509433962265,False
47677241,Taste in the age of AI and LLMs,technology,247,195,speckx,2026-04-08 11:04:27,0.7862903225806451,True
47681361,Move Detroit,others,62,82,rmason,2026-04-08 11:04:27,1.3015873015873016,False
47685945,We moved Railway's frontend off Next.js. Builds went from 10+ mins to under two,technology,79,63,bundie,2026-04-08 11:04:27,0.7875,False
47685320,Who Is Satoshi Nakamoto? My Quest to Unmask Bitcoin's Creator,others,69,29,jfirebaugh,2026-04-08 11:04:27,0.4142857142857143,False
47637353,SQLite in Production: Lessons from Running a Store on a Single File,others,194,117,thunderbong,2026-04-08 11:04:27,0.6,True
47663147,Launch HN: Freestyle – Sandboxes for Coding Agents,others,316,155,benswerd,2026-04-08 11:04:27,0.4889589905362776,True
47672884,Identify a London Underground Line just by listening to it,others,175,56,nelson687,2026-04-08 11:04:27,0.3181818181818182,True
47675013,Dropping Cloudflare for Bunny.net,technology,394,197,shintoist,2026-04-08 11:04:27,0.49873417721518987,True
47677142,12k Tons of Dumped Orange Peel Grew into a Landscape Nobody Expected (2017),others,291,115,pulisse,2026-04-08 11:04:28,0.3938356164383562,True
47631515,A new Postcrossing stamp from the USA,others,79,22,Tomte,2026-04-08 11:04:28,0.275,False
47674606,Show HN: Unicode Steganography,technology,23,4,PatrickVuscan,2026-04-08 11:04:28,0.16666666666666666,False
47672318,Blackholing My Email,technology,173,34,semyonsh,2026-04-08 11:04:28,0.19540229885057472,True
47673005,We found an undocumented bug in the Apollo 11 guidance computer code,technology,413,194,henrygarner,2026-04-08 11:04:28,0.46859903381642515,True
47628163,Boneyard: Generate pixel-perfect skeleton screens from your real DOM,others,29,17,steveharing1,2026-04-08 11:04:28,0.5666666666666667,False
47682444,When the compiler lies: breaking memory safety in safe Go,others,14,0,irke882,2026-04-08 11:04:28,0.0,False
47680532,"Cells for NetBSD: kernel-enforced, jail-like isolation",technology,47,12,akagusu,2026-04-08 11:04:28,0.25,False
47667321,Peptides: where to begin?,others,257,390,A_D_E_P_T,2026-04-08 11:04:28,1.5116279069767442,True
47680023,Tailslayer: Library for reducing tail latency in RAM reads,technology,59,19,hasheddan,2026-04-08 11:04:28,0.31666666666666665,False
47637580,Emotion Concepts and Their Function in a Large Language Model,others,59,8,Anon84,2026-04-08 11:04:28,0.13333333333333333,False
47674027,Show HN: A cartographer's attempt to realistically map Tolkien's world,entertainment,159,29,intofarlands,2026-04-08 11:04:29,0.18125,True
47672778,Breaking the console: a brief history of video game security,sports,93,26,sprado,2026-04-08 11:04:29,0.2765957446808511,False
47669337,Solod – A subset of Go that translates to C,others,171,45,TheWiggles,2026-04-08 11:04:29,0.2616279069767442,True
47626242,Second Revision of 6502 Laptop,others,113,22,uticus,2026-04-08 11:04:29,0.19298245614035087,False
47684898,Open Models have crossed a threshold,others,6,0,gmays,2026-04-08 11:04:29,0.0,False
47682908,AI Assistance Reduces Persistence and Hurts Independent Performance,technology,15,3,dougb5,2026-04-08 11:04:29,0.1875,False
47677882,Are We Legacy Computing Yet?,others,35,0,tyoverby,2026-04-08 11:04:29,0.0,False
47673379,DeiMOS – A Superoptimizer for the MOS 6502,others,77,17,Aransentin,2026-04-08 11:04:29,0.21794871794871795,False
47670981,"Three hundred synths, 3 hardware projects, and one app",worldnews,117,18,ductionist,2026-04-08 11:04:29,0.15254237288135594,False
47684326,OpenAI says its new model GPT-2 is too dangerous to release (2019),technology,331,93,surprisetalk,2026-04-08 11:04:29,0.28012048192771083,True
47681566,USD Purchasing Power in Real Time Since 2000,others,68,66,traviswingo,2026-04-08 11:04:30,0.9565217391304348,False
47673880,Show HN: Pion/handoff – Move WebRTC out of browser and into Go,entertainment,94,17,Sean-Der,2026-04-08 11:04:30,0.17894736842105263,False
47683613,ICE acknowledges it is using powerful spyware,worldnews,52,6,dnemmers,2026-04-08 11:04:30,0.11320754716981132,False
47676044,Show HN: Finalrun – Spec-driven testing using English and vision for mobile apps,entertainment,26,12,ashish004,2026-04-08 11:04:30,0.4444444444444444,False
47685704,How the Vision Pro Rollout Inflamed Tensions at Apple,sports,12,3,f_allwein,2026-04-08 11:04:30,0.23076923076923078,False
47681701,RSoC 2026: A new CPU scheduler for Redox OS,others,16,2,akyuu,2026-04-08 11:04:30,0.11764705882352941,False
47682956,The BSDs in the AI Age,technology,6,0,jaypatelani,2026-04-08 11:04:30,0.0,False
47673394,"Show HN: Stop paying for Dropbox/Google Drive, use your own S3 bucket instead",entertainment,238,197,Zm44,2026-04-08 11:04:30,0.8242677824267782,True
47673541,AI may be making us think and write more alike,technology,221,232,giuliomagnifico,2026-04-08 11:04:30,1.045045045045045,True
47666024,Show HN: Ghost Pepper – Local hold-to-talk speech-to-text for macOS,entertainment,459,194,MattHart88,2026-04-08 11:04:30,0.4217391304347826,True
47629021,Global Physics Photowalk: 2025 winners revealed,worldnews,26,1,ibobev,2026-04-08 11:04:31,0.037037037037037035,False
47641472,Floating point from scratch: Hard Mode,others,96,25,random__duck,2026-04-08 11:04:31,0.25773195876288657,False
47641528,Apollo Guidance Computer restoration videos,technology,89,11,mariuz,2026-04-08 11:04:31,0.12222222222222222,False
47660925,Issue: Claude Code is unusable for complex engineering tasks with Feb updates,technology,1311,724,StanAngeloff,2026-04-08 11:04:31,0.551829268292683,True
47681815,Claude Is Dead,others,12,5,tordable,2026-04-08 11:04:31,0.38461538461538464,False
47636579,Show HN: Anos – a hand-written ~100KiB microkernel for x86-64 and RISC-V,entertainment,110,31,noone_youknow,2026-04-08 11:04:31,0.27927927927927926,False
47661065,"The team behind a pro-Iran, Lego-themed viral-video campaign",technology,162,257,tantalor,2026-04-08 11:04:31,1.5766871165644172,True
47682384,"GLM-5.1 matches Opus 4.6 in agentic performance, at ~1/3 actual cost",others,18,2,skysniper,2026-04-08 11:04:31,0.10526315789473684,False
47662234,A cryptography engineer's perspective on quantum computing timelines,others,540,239,thadt,2026-04-08 11:04:31,0.4417744916820702,True
47682098,Ex-Meta worker investigated for downloading 30k private Facebook photos,entertainment,88,34,1659447091,2026-04-08 11:04:31,0.38202247191011235,False
47667717,Anthropic expands partnership with Google and Broadcom for next-gen compute,others,279,126,l1n,2026-04-08 11:04:31,0.45,True
47621133,Design for the Roller Coaster,others,6,0,benwerd,2026-04-08 11:04:32,0.0,False
47681908,Neglect of the modern Invoice,others,9,1,iajiboye,2026-04-08 11:04:32,0.1,False
47677660,Hemingway's 4 Fast Rules for Effective Writing,others,22,4,bookofjoe,2026-04-08 11:04:32,0.17391304347826086,False
47667672,"Show HN: Hippo, biologically inspired memory for AI agents",technology,121,24,kitfunso,2026-04-08 11:04:32,0.19672131147540983,False
47664186,"Battle for Wesnoth: open-source, turn-based strategy game",sports,532,160,akyuu,2026-04-08 11:04:32,0.300187617260788,True
47637828,Show HN: Tusk for macOS and Gnome,entertainment,116,45,factorialboy,2026-04-08 11:04:32,0.38461538461538464,False
47685833,Under the hood of MDN's new front end,others,7,0,soheilpro,2026-04-08 11:04:32,0.0,False
47682484,Minecraft Java Edition 26.2 Snapshot 1: Initial Vulkan Support,others,7,0,exploraz,2026-04-08 11:04:32,0.0,False
47684506,LLM scraper bots are overloading acme.com's HTTPS server,technology,54,52,mjyut,2026-04-08 11:04:32,0.9454545454545454,False
47677952,The Blueprint of a North Korean Attack on Open-Source,worldnews,28,11,brene,2026-04-08 11:04:32,0.3793103448275862,False
47651703,Microsoft hasn't had a coherent GUI strategy since Petzold,others,813,568,naves,2026-04-08 11:04:32,0.6977886977886978,True
47660954,German police name alleged leaders of GandCrab and REvil ransomware groups,worldnews,318,157,Bender,2026-04-08 11:04:33,0.49216300940438873,True
47686106,Japan relaxes privacy laws to make itself the 'easiest country to develop AI',technology,11,2,jeffbobries,2026-04-08 11:04:33,0.16666666666666666,False
47636456,Sheets: Terminal based spreadsheet tool,others,203,55,_____k,2026-04-08 11:04:33,0.2696078431372549,True
47664912,The cult of vibe coding is dogfooding run amok,others,607,505,drob518,2026-04-08 11:04:33,0.8305921052631579,True
47686187,Sonnet 4.6 Elevated Rate of Errors,others,58,78,kylestanfield,2026-04-08 11:04:33,1.3220338983050848,False
47627998,VOID: Video Object and Interaction Deletion,others,181,54,bobsoap,2026-04-08 11:04:33,0.2967032967032967,True
47660286,What being ripped off taught me,others,446,223,doctorhandshake,2026-04-08 11:04:33,0.4988814317673378,True
47682419,BYD's luxury EV with 5-min fast charging and 500 miles range is headed overseas,others,21,20,breve,2026-04-08 11:04:33,0.9090909090909091,False
47652561,Gemma 4 on iPhone,others,858,233,janandonly,2026-04-08 11:04:34,0.2712456344586729,True
47637116,"Signals, the push-pull based algorithm",others,164,37,mpweiher,2026-04-08 11:04:34,0.22424242424242424,True
47658146,France pulls last gold held in US,others,614,351,teleforce,2026-04-08 11:04:34,0.5707317073170731,True
47647455,Caveman: Why use many token when few token do trick,others,883,361,tosh,2026-04-08 11:04:34,0.4083710407239819,True
47662945,Show HN: GovAuctions lets you browse government auctions at once,worldnews,312,89,player_piano,2026-04-08 11:04:34,0.28434504792332266,True
47665245,Agent Reading Test,others,70,23,kaycebasques,2026-04-08 11:04:35,0.323943661971831,False
47656501,The 1987 game “The Last Ninja” was 40 kilobytes,sports,305,189,keepamovin,2026-04-08 11:04:35,0.6176470588235294,True
47665685,Show HN: TTF-DOOM – A raycaster running inside TrueType font hinting,entertainment,65,12,4RH1T3CT0R,2026-04-08 11:04:35,0.18181818181818182,False
47660853,Book review: There Is No Antimemetics Division,entertainment,278,224,ibobev,2026-04-08 11:04:35,0.8028673835125448,True
47637010,The Last Quiet Thing,others,274,153,coinfused,2026-04-08 11:04:35,0.5563636363636364,True
47682310,Midlife Sleep Irregularity Linked to Higher Risk of Major Cardiac Events,others,6,2,gnabgib,2026-04-08 11:04:36,0.2857142857142857,False
47652400,Why Switzerland has 25 Gbit internet and America doesn't,others,800,689,sschueller,2026-04-08 11:04:36,0.8601747815230961,True
47664389,Intelligent people are better judges of the intelligence of others,others,121,131,01-_-,2026-04-08 11:04:36,1.0737704918032787,False
47674635,A fire sale has U.S. office buildings going for 90% off,others,72,67,blinding-streak,2026-04-08 11:04:36,0.9178082191780822,False
47665207,SOM: A minimal Smalltalk for teaching of and research on Virtual Machines,science,55,0,tosh,2026-04-08 11:04:36,0.0,False
47636937,Eighteen Years of Greytrapping – Is the Weirdness Finally Paying Off?,others,78,5,jruohonen,2026-04-08 11:04:36,0.06329113924050633,False
47686058,Inside a huge compound where 10k workers scammed people globally,worldnews,5,0,ece,2026-04-08 11:04:36,0.0,False
47685452,Original Apollo 11 TV broadcast,others,5,0,kaycebasques,2026-04-08 11:04:36,0.0,False
47682068,Ralph for Beginners,others,5,2,Vermin2000,2026-04-08 11:04:36,0.3333333333333333,False
47669749,Dear Heroku: Uhh What's Going On?,others,107,45,crcastle,2026-04-08 11:04:37,0.4166666666666667,False
47668727,After 20 years I turned off Google Adsense for my websites (2025),others,216,147,datadrivenangel,2026-04-08 11:04:37,0.6774193548387096,True
47650502,Computational Physics (2nd Edition) (2025),science,183,22,teleforce,2026-04-08 11:04:37,0.11956521739130435,True
47674996,More likely than not you're using bubble wrap wrong,others,7,3,surprisetalk,2026-04-08 11:04:37,0.375,False
47642125,Linux extreme performance H1 load generator,others,29,16,MDA2AV,2026-04-08 11:04:37,0.5333333333333333,False
47662116,Sky – an Elm-inspired language that compiles to Go,others,181,81,whalesalad,2026-04-08 11:04:37,0.44505494505494503,True
47649721,Artemis II crew see first glimpse of far side of Moon [video],others,521,429,mooreds,2026-04-08 11:04:37,0.8218390804597702,True
47647397,Build web apps for smart glasses,others,17,7,mozz100,2026-04-08 11:04:37,0.3888888888888889,False
47674662,Show HN: A social feed with no algo where communities decide what gets seen,entertainment,9,5,smnkgv,2026-04-08 11:04:38,0.5,False
47655392,Show HN: I made a YouTube search form with advanced filters,entertainment,318,201,nevernothing,2026-04-08 11:04:38,0.6300940438871473,True
47674234,"""The new Copilot app for Windows 11 is really just Microsoft Edge""",others,113,70,bundie,2026-04-08 11:04:38,0.6140350877192983,False
47679202,Iranian-Affiliated Cyber Actors Exploit PLCs Across US Critical Infrastructure,others,41,0,jaredwiener,2026-04-08 11:04:38,0.0,False
47654317,My university uses prompt injection to catch cheaters,others,110,61,varun_ch,2026-04-08 11:04:38,0.5495495495495496,False
47648048,Friendica – A Decentralized Social Network,others,166,58,janandonly,2026-04-08 11:04:38,0.3473053892215569,True
47637377,LÖVE: 2D Game Framework for Lua,sports,413,215,cl3misch,2026-04-08 11:04:38,0.5193236714975845,True
47675709,Show HN: The King James Bible deserved a better website,entertainment,9,3,L23234,2026-04-08 11:04:38,0.3,False
47656622,An open-source 240-antenna array to bounce signals off the Moon,others,258,70,hillcrestenigma,2026-04-08 11:04:38,0.2702702702702703,True
47684194,Bill Phillips used flowing water to model the economy,others,7,0,curio_Pol_curio,2026-04-08 11:04:39,0.0,False
47638498,Show HN: AdaShape-3D modeler for intuitive 3D printing parts / Windows 11,entertainment,31,31,fsloth,2026-04-08 11:04:39,0.96875,False
47681059,AWS S3 Files,others,18,1,dvrp,2026-04-08 11:04:39,0.05263157894736842,False
47681034,Section 4 of the 25th Amendment to the US Constitution,others,23,4,OhMeadhbh,2026-04-08 11:04:39,0.16666666666666666,False
47677556,Show HN: A (marginally) useful x86-64 ELF executable in 298 bytes,entertainment,12,0,meribold,2026-04-08 11:04:39,0.0,False
47655268,"Show HN: Modo – I built an open-source alternative to Kiro, Cursor, and Windsurf",entertainment,99,28,mohshomis,2026-04-08 11:04:39,0.28,False
47683207,Longer wavelengths in sunlight pass through the human body and have a systemic,others,13,3,bilsbie,2026-04-08 11:04:39,0.21428571428571427,False
47662429,Show HN: Weird Clocks,entertainment,50,16,vunderba,2026-04-08 11:04:40,0.3137254901960784,False
47681241,Anthropic's Project Glasswing sounds necessary to me,others,48,7,simonw,2026-04-08 11:04:40,0.14285714285714285,False
47647788,The threat is comfortable drift toward not understanding what you're doing,worldnews,971,617,zaikunzhang,2026-04-08 11:04:40,0.6347736625514403,True
47644406,German implementation of eIDAS will require an Apple/Google account to function,others,572,642,DyslexicAtheist,2026-04-08 11:04:40,1.1204188481675392,True
47656303,Case study: recovery of a corrupted 12 TB multi-device pool,science,116,65,salt4034,2026-04-08 11:04:40,0.5555555555555556,False
47681453,"Sports bets on prediction markets ruled to be ""swaps,"" exempt from state laws",sports,18,6,nradov,2026-04-08 11:04:40,0.3157894736842105,False
47631118,Artemis II crew take “spectacular” image of Earth,others,1075,386,andsoitis,2026-04-08 11:04:40,0.3587360594795539,True
47646472,Aegis – open-source FPGA silicon,others,152,43,rosscomputerguy,2026-04-08 11:04:40,0.28104575163398693,True
47661439,I won't download your app. The web version is a-ok,others,917,538,ssiddharth,2026-04-08 11:04:41,0.5860566448801743,True
47627361,"Graph-go – zero config, full visibility",others,30,3,devGrimm,2026-04-08 11:04:41,0.0967741935483871,False
47681637,Switzerland builds most powerful redox-flow battery,others,15,1,simonpure,2026-04-08 11:04:41,0.0625,False
47652442,OpenJDK: Panama,others,73,18,tosh,2026-04-08 11:04:41,0.24324324324324326,False
47679573,Apple Is Reportedly Facing a 'Massive Dilemma' with the MacBook Neo,entertainment,26,22,thm,2026-04-08 11:04:41,0.8148148148148148,False
47652322,Music for Programming,entertainment,348,173,merusame,2026-04-08 11:04:41,0.49570200573065903,True
47642601,Show HN: M. C. Escher spiral in WebGL inspired by 3Blue1Brown,entertainment,174,31,laszlokorte,2026-04-08 11:04:41,0.17714285714285713,True
47684891,Hallucinated citations are polluting the scientific literature,others,11,2,30minAdayHN,2026-04-08 11:04:41,0.16666666666666666,False
47662833,Reducto releases Deep Extract,others,49,9,raunakchowdhuri,2026-04-08 11:04:41,0.18,False
47666488,A macOS bug that causes TCP networking to stop working after 49.7 days,others,161,106,RyanZhuuuu,2026-04-08 11:04:42,0.654320987654321,True
47674749,Hybrid Attention,others,39,9,JohannaAlmeida,2026-04-08 11:04:42,0.225,False
47653589,Women were never meant to give birth on their backs,others,82,44,ilt,2026-04-08 11:04:42,0.5301204819277109,False
47671527,Some iPhone Apps Receive Mysterious Update 'From Apple',others,82,22,tosh,2026-04-08 11:04:42,0.26506024096385544,False
47681938,A DNA Archive Built to Identify Missing Migrants Has Vanished,others,9,0,EA-3167,2026-04-08 11:04:42,0.0,False
47673928,Record wind and solar saved UK from gas imports worth £1B in March 2026,others,119,122,mindracer,2026-04-08 11:04:42,1.0166666666666666,False
47655978,Stamp It: All programs must report their version,others,31,1,gurjeet,2026-04-08 11:04:42,0.03125,False
47673208,The Hacker News Tarpit,others,44,4,latexr,2026-04-08 11:04:42,0.08888888888888889,False
47649113,Finnish sauna heat exposure induces stronger immune cell than cytokine responses,others,385,282,Growtika,2026-04-08 11:04:43,0.7305699481865285,True
47654171,The Mechanics of Steins Gate (2023) [pdf],others,94,28,Ariarule,2026-04-08 11:04:43,0.29473684210526313,False
47676075,40 Years Later: Is Milk Still Radioactive?,others,7,0,speckx,2026-04-08 11:04:43,0.0,False
47680611,"Iranian hackers launching disruptive attacks at U.S. energy, water targets [pdf]",worldnews,31,6,lschueller,2026-04-08 11:04:43,0.1875,False
47683132,Naftiko Open-Source Spec-Driven Integration,others,5,1,apievangelist,2026-04-08 11:04:43,0.16666666666666666,False
47680476,Peeking at the Earth,others,8,0,kube-system,2026-04-08 11:04:43,0.0,False
47675701,DNS configuration tampering on a pool.ntp.org GeoDNS server,others,5,0,j03b,2026-04-08 11:04:43,0.0,False
47675041,Kiwi Farms challenges DMCA subpoenas as tools to unmask anonymous speech,others,36,8,nslsm,2026-04-08 11:04:44,0.21621621621621623,False
47679979,US labor force participation continues to slide,others,75,28,toomuchtodo,2026-04-08 11:04:44,0.3684210526315789,False
47627595,Porting Go's strings package to C,others,73,14,ingve,2026-04-08 11:04:44,0.1891891891891892,False
47649701,Perfmon – Consolidate your favorite CLI monitoring tools into a single TUI,others,60,13,paperplaneflyr,2026-04-08 11:04:44,0.21311475409836064,False
47646843,Lisette a little language inspired by Rust that compiles to Go,others,268,152,jspdown,2026-04-08 11:04:44,0.5650557620817844,True
47683874,"Artemis delivers some exceptional, high-quality photos of the Moon",others,7,1,jonbaer,2026-04-08 11:04:44,0.125,False
47654620,"In Japan, the robot isn't coming for your job; it's filling the one nobody wants",others,197,239,rbanffy,2026-04-08 11:04:44,1.207070707070707,True
47655905,Usenet Archives,others,131,69,myth_drannon,2026-04-08 11:04:45,0.5227272727272727,False
47644864,"AWS engineer reports PostgreSQL perf halved by Linux 7.0, fix may not be easy",others,406,160,crcastle,2026-04-08 11:04:45,0.3931203931203931,True
47628608,OpenClaw privilege escalation vulnerability,others,513,256,kykeonaut,2026-04-08 11:04:45,0.4980544747081712,True
47662350,Anthropic is burning more and more dev goodwill,others,69,31,tosh,2026-04-08 11:04:45,0.44285714285714284,False
47680937,Earthset,others,11,1,layer8,2026-04-08 11:04:46,0.08333333333333333,False
47672914,When Small Parquet Files Become a Big Problem (and How I Wrote a Compactor),others,5,1,olgazju,2026-04-08 11:04:46,0.16666666666666666,False
47656758,"Make your own ColecoVision at home, part 5",others,24,0,classichasclass,2026-04-08 11:04:46,0.0,False
47662857,81yo Dodgers fan can no longer get tickets because he doesn't have a smartphone,others,367,465,josephcsible,2026-04-08 11:04:46,1.263586956521739,True
47681972,DeepMind's paper on p0wning Claws and what we learned,others,6,0,suthakamal,2026-04-08 11:04:46,0.0,False
47629433,iNaturalist,others,532,135,bookofjoe,2026-04-08 11:04:47,0.25328330206378985,True
47645305,Demonstrating Real Time AV2 Decoding on Consumer Laptops,others,55,17,breve,2026-04-08 11:04:47,0.30357142857142855,False
47629903,Why are we still using Markdown?,others,232,308,veqq,2026-04-08 11:04:47,1.3218884120171674,True
47682979,Launching My Product. Part 1: Finding an Idea That Works (and Keeps You Going),others,5,0,vital_pavlenko,2026-04-08 11:04:47,0.0,False
47681628,Earth Has Fallen. The Amiga Dungeon Crawler Is Back,others,6,0,doener,2026-04-08 11:04:47,0.0,False
47681612,Mythos escapes a secure sandbox [in test],others,6,3,marojejian,2026-04-08 11:04:47,0.42857142857142855,False
47675835,Wireless Festival cancelled after government stops Kanye West entering UK,worldnews,13,1,manarth,2026-04-08 11:04:47,0.07142857142857142,False
47636435,Emotion concepts and their function in a large language model,others,188,197,dnw,2026-04-08 11:04:48,1.0423280423280423,True
47624804,Category Theory Illustrated – Types,others,115,22,boris_m,2026-04-08 11:04:48,0.1896551724137931,False
47648404,My Google Workspace account suspension,science,369,218,zenincognito,2026-04-08 11:04:48,0.5891891891891892,True
47638810,Components of a Coding Agent,others,297,90,MindGods,2026-04-08 11:04:53,0.30201342281879195,True
47633157,Fake Fans,others,158,63,performative,2026-04-08 11:04:53,0.39622641509433965,True
47630893,Age verification on Systemd and Flatpak,others,146,136,londonanon,2026-04-08 11:04:53,0.9251700680272109,False
47664647,Got kicked out of uni and had the cops called for a social media website I made,others,84,296,1whizkid1,2026-04-08 11:04:53,3.4823529411764707,False
47665194,"Zooming UIs in 2026: Prezi, impress.js, and why I built something different",others,96,43,tinchox6,2026-04-08 11:04:53,0.44329896907216493,False
47642569,How many products does Microsoft have named 'Copilot'?,others,806,385,gpi,2026-04-08 11:04:54,0.4770755885997522,True
47641141,IBM 3270 Information Display System: Color and Programmed Symbols (1979) [pdf],others,56,13,hggh,2026-04-08 11:04:54,0.22807017543859648,False
47648638,Docker Offload,others,29,9,redbell,2026-04-08 11:04:54,0.3,False
47637287,Some Unusual Trees,others,287,87,simplegeek,2026-04-08 11:04:54,0.3020833333333333,True
47633116,The house is a work of art: Frank Lloyd Wright,others,116,68,midnightfish,2026-04-08 11:04:54,0.5811965811965812,False
47680215,SCOTUS overturns 5th Circuit ruling that told ISP to kick pirates off Internet,others,10,0,CharlesW,2026-04-08 11:04:54,0.0,False
47644566,"Advice to young people, the lies I tell myself (2024)",others,169,60,mooreds,2026-04-08 11:04:55,0.35294117647058826,True
47629485,A case study in testing with 100+ Claude agents in parallel,science,66,54,thejash,2026-04-08 11:04:55,0.8059701492537313,False
47652324,LibreOffice – Let's put an end to the speculation,others,201,129,eisa01,2026-04-08 11:04:55,0.6386138613861386,True
47667008,Show HN: I built a site that turns your Steam gaming hours into a RL skill tree,sports,7,4,naorz,2026-04-08 11:04:55,0.5,False
47639291,The Indie Internet Index – submit your favorite sites,others,188,33,freshman_dev,2026-04-08 11:04:55,0.1746031746031746,True
47666802,Inside a Corporate Retreat That Went Very Badly Wrong,others,43,10,dsr12,2026-04-08 11:04:56,0.22727272727272727,False
47685842,"Russians turn to cat feeders, classifieds, and vacuum cleaners to stay connected",others,5,0,BaudouinVH,2026-04-08 11:04:56,0.0,False
47624736,NHS staff refusing to use FDP over Palantir ethical concerns,others,356,173,chrisjj,2026-04-08 11:04:56,0.484593837535014,True
47671930,A New Oil Shock Accelerates a Return to Nuclear Power,others,17,17,rustoo,2026-04-08 11:04:56,0.9444444444444444,False
47639727,"When legal sports betting surges, so do Americans' financial problems",sports,221,146,pseudolus,2026-04-08 11:04:56,0.6576576576576577,True
47644808,The machines are fine. I'm worried about us,others,43,4,Plasmoid,2026-04-08 11:04:56,0.09090909090909091,False
47639524,"Author of ""Careless People"" banned from saying anything negative about Meta",others,855,577,macleginn,2026-04-08 11:04:56,0.6740654205607477,True
47634690,Delve removed from Y Combinator,others,506,310,carabiner,2026-04-08 11:04:57,0.611439842209073,True
47665403,Miracle – A hackable window manager for Linux,others,9,2,matthewkosarek,2026-04-08 11:04:57,0.2,False
47624731,April 2026 TLDR Setup for Ollama and Gemma 4 26B on a Mac mini,others,325,121,greenstevester,2026-04-08 11:04:57,0.37116564417177916,True
47681094,"Al-Khwarizmi (""Algorithm"")",worldnews,8,1,profsummergig,2026-04-08 11:04:57,0.1111111111111111,False
47673072,Germany Power Prices Turn Deeply Negative on Renewables Surge,others,79,93,rustoo,2026-04-08 11:04:57,1.1625,False
47636228,Spath and Splan,others,15,0,jasonmoo,2026-04-08 11:04:57,0.0,False
47658772,How Paris swapped cars for bikes – and transformed its streets,others,51,10,vrganj,2026-04-08 11:04:58,0.19230769230769232,False
47649148,Iguanaworks has closed and our products are no longer sold,others,98,24,ripe,2026-04-08 11:04:58,0.24242424242424243,False
47638075,"The CMS is dead, long live the CMS",others,158,98,taubek,2026-04-08 11:04:58,0.6163522012578616,True
47621825,I Built an SMS Gateway with a $20 Android Phone – Jonno.nz,others,94,43,jonno-nz,2026-04-08 11:04:58,0.45263157894736844,False
47619879,U.S. is burning through Tomahawk cruise missile stockpile,others,81,70,uticus,2026-04-08 11:04:58,0.8536585365853658,False
47663325,A Brief History of the Dust Jacket,others,6,0,speckx,2026-04-08 11:04:58,0.0,False
47627527,Build your own Dial-up ISP with a Raspberry Pi,others,206,36,arjunbajaj,2026-04-08 11:04:58,0.17391304347826086,True
47685951,How Trump Took the U.S. to War with Iran,worldnews,6,1,u1hcw9nx,2026-04-08 11:04:58,0.14285714285714285,False
47646065,What if the browser built the UI for you?,others,45,66,jonnonz,2026-04-08 11:04:59,1.434782608695652,False
47626462,Big-Endian Testing with QEMU,others,115,128,jandeboevrie,2026-04-08 11:04:59,1.103448275862069,False
47628326,F-15E jet shot down over Iran,others,612,1396,tjwds,2026-04-08 11:04:59,2.2773246329526917,True
47638043,Rendering arbitrary-scale emojis using the Slug algorithm,others,22,0,leduyquang753,2026-04-08 11:04:59,0.0,False
47629116,Go on Embedded Systems and WebAssembly,others,206,36,uticus,2026-04-08 11:04:59,0.17391304347826086,True
47624811,SSH certificates: the better SSH experience,others,264,127,jandeboevrie,2026-04-08 11:04:59,0.47924528301886793,True
47633676,"Extra usage credit for Pro, Max, and Team plans",sports,64,62,angst,2026-04-08 11:05:00,0.9538461538461539,False
47671931,Astronauts honor Artemis commander's deceased wife in emotional moon moment,others,11,0,01-_-,2026-04-08 11:05:00,0.0,False
47682588,"The pinnacle of enshittification, or Large Language Models",others,12,0,birdculture,2026-04-08 11:05:00,0.0,False
47670344,Why We're Removing Our Programmatic Ads,others,17,0,colinprince,2026-04-08 11:05:00,0.0,False
47641255,Plague Ships (2020),others,50,10,bryanrasmussen,2026-04-08 11:05:00,0.19607843137254902,False
47637077,Scientists mapped all the nerves of the clitoris for the first time,others,45,12,01-_-,2026-04-08 11:05:00,0.2608695652173913,False
47673788,Razor 1911 (first place at revision 2026 demoparty) [video],others,19,4,msk-lywenn,2026-04-08 11:05:00,0.2,False
47644726,"Power-washing, pool-cleaning and mowing – playing games about mundane jobs",sports,24,4,andsoitis,2026-04-08 11:05:00,0.16,False
47621448,A Few Good Magazines From the 70s and 80s,others,79,30,OhMeadhbh,2026-04-08 11:05:00,0.375,False
47630592,Async Python Is Secretly Deterministic,others,78,36,KraftyOne,2026-04-08 11:05:01,0.45569620253164556,False
47678760,What we learned about TEE security from auditing WhatsApp's Private Inference,others,17,1,wslh,2026-04-08 11:05:01,0.05555555555555555,False
47662658,Sc-im: Spreadsheets in your terminal,others,98,29,m-hodges,2026-04-08 11:05:01,0.29292929292929293,False
47662866,"I Replaced Kafka, Redis, and RabbitMQ with One Tool – A Deep Dive into NATS",others,38,5,jainal09,2026-04-08 11:05:01,0.1282051282051282,False
47680299,"S3 Files – Mount any S3 bucket as a NFS file system on EC2, ECS, EKS, and Lambda",others,26,1,akshaysaxena,2026-04-08 11:05:01,0.037037037037037035,False
47646566,"Unverified: What Practitioners Post About OCR, Agents, and Tables",others,30,28,chelm,2026-04-08 11:05:01,0.9032258064516129,False
47670438,Claude Is Not Your Architect. Stop Letting It Pretend,others,17,8,gpi,2026-04-08 11:05:02,0.4444444444444444,False
47646363,Modern Generic SVGA driver for Windows 3.1,others,72,19,userbinator,2026-04-08 11:05:02,0.2602739726027397,False
47630576,"How to make a sliding, self-locking, and predator-proof chicken coop door (2020)",others,138,64,uticus,2026-04-08 11:05:02,0.460431654676259,False
47641464,Scientists observe an immune signaling complex forming inside cells,others,113,7,ohjeez,2026-04-08 11:05:02,0.06140350877192982,False
47669649,Global Fuel Shortage Pushes Governments Toward Demand Controls,worldnews,15,14,toomuchtodo,2026-04-08 11:05:02,0.875,False
47680485,Oracle hires new CFO with $950K salary as thousands face layoffs,others,18,8,DGAP,2026-04-08 11:05:03,0.42105263157894735,False
47663000,Top Level System – A modular C microkernel with 50 hot-loadable modules,others,5,0,tecnoxarxa,2026-04-08 11:05:03,0.0,False
47646871,Dynamics of (Not) Being Perceived: Grief and Relief After Leaving Social Media,others,24,4,glovink,2026-04-08 11:05:03,0.16,False
47662789,Bullshit Debt,others,9,1,abnercoimbre,2026-04-08 11:05:03,0.1,False
47672645,OpenSSH 10.3,others,5,0,ptman,2026-04-08 11:05:03,0.0,False
47640775,Why the most valuable things you know are things you cannot say,others,160,63,nr378,2026-04-08 11:05:03,0.391304347826087,True
47651360,Stamp It! All Programs Must Report Their Version,others,37,9,secure,2026-04-08 11:05:03,0.23684210526315788,False
47641615,Sopwith – 1984 Game (2000),sports,99,42,elvis70,2026-04-08 11:05:04,0.42,False
47651048,A Textual widget for beautiful diffs in the terminal,others,12,1,willm,2026-04-08 11:05:04,0.07692307692307693,False
47654753,NMS Ceefax: Remember teletext? This is the same,others,9,0,CharlesW,2026-04-08 11:05:04,0.0,False
47648438,Common drug tests lead to tens of thousands wrongful arrests a year,others,123,103,rawgabbit,2026-04-08 11:05:04,0.8306451612903226,False
47653975,Qwen-3.6-Plus is the first model to break 1T tokens processed in a day,others,58,21,Alifatisk,2026-04-08 11:05:04,0.3559322033898305,False
47664951,No on-site doctor: Dental student died in ICU overseen by remote tele-health MD,others,26,6,randycupertino,2026-04-08 11:05:05,0.2222222222222222,False
47673182,Health benefits of Paris climate goals could save lives by 2040,worldnews,7,0,lentoutcry,2026-04-08 11:05:05,0.0,False
47676527,Optimizing SQLite for Servers,others,5,0,randomint64,2026-04-08 11:05:05,0.0,False
47652726,Bacteria found in the human intestine capable of improving muscle strength,others,154,84,gnabgib,2026-04-08 11:05:05,0.5419354838709678,True
47645817,How Pope Leo is pushing back on divine justification of war,worldnews,76,42,1659447091,2026-04-08 11:05:05,0.5454545454545454,False
47656146,"New Copilot for Windows 11 includes a full Microsoft Edge package, uses more RAM",others,37,7,aaronsung,2026-04-08 11:05:05,0.18421052631578946,False
47650172,Phone-free bars and restaurants on the rise across the U.S.,others,151,148,Brajeshwar,2026-04-08 11:05:05,0.9736842105263158,False
47639976,German men 18-45 need military permit for extended stays abroad,others,401,721,L_226,2026-04-08 11:05:05,1.7935323383084578,True
47659903,Some Subtleties When Parsing 6502 Assembly Language,others,6,0,ibobev,2026-04-08 11:05:06,0.0,False
47672825,Someone made a digital whip to make Claude work faster,others,5,2,matthieu_bl,2026-04-08 11:05:06,0.3333333333333333,False
47654649,Introducing GEN-1 [video],others,58,7,dgellow,2026-04-08 11:05:06,0.11864406779661017,False
47672818,Are We Idiocracy Yet?,others,610,528,jdiiufccuskal,2026-04-08 11:05:06,0.8641571194762684,True
47629382,Getting Claude to QA its own work,others,20,1,suchintan,2026-04-08 11:05:06,0.047619047619047616,False
47643656,The Oxygen Apocalpyse: how bacteria used a spin diode to wipe out ancient life,others,26,6,KR_compchem,2026-04-08 11:05:06,0.2222222222222222,False
47653036,Satellite firm Planet Labs to indefinitely withold Iran war imagery,worldnews,42,12,anigbrowl,2026-04-08 11:05:06,0.27906976744186046,False
47666165,Artemis II astronauts officially set record for human's distance from Earth,others,12,0,heresie-dabord,2026-04-08 11:05:06,0.0,False
47650606,Open source voice cloning TTS models worth trying,others,10,2,steveharing1,2026-04-08 11:05:06,0.18181818181818182,False
47672212,Purple: Terminal SSH Client for macOS and Linux,others,9,0,thunderbong,2026-04-08 11:05:07,0.0,False
47633086,Just 'English with Hanzi',others,86,55,scour,2026-04-08 11:05:07,0.632183908045977,False
47666745,'Microshifting' puts a new spin on 9-to-5 schedules,others,18,1,billybuckwheat,2026-04-08 11:05:07,0.05263157894736842,False
47654842,Italian TV Copyright-Strikes Nvidia over Nvidia's Own DLSS 5 Footage,others,43,13,alecco,2026-04-08 11:05:08,0.29545454545454547,False
47656695,"Anthropic has a blacklist on the word ""OpenClaw""",others,22,5,benn67,2026-04-08 11:05:08,0.21739130434782608,False
47640431,What life looks like on the most remote inhabited island,others,97,24,brightbeige,2026-04-08 11:05:08,0.24489795918367346,False
47664308,JPMorgan warns Tesla stock could sink 60% in new note,worldnews,61,18,freediddy,2026-04-08 11:05:08,0.2903225806451613,False
47670990,Non-Normal Distributions in the Real World,others,5,0,Tomte,2026-04-08 11:05:08,0.0,False
47678320,Kindle to end store downloads and registering for 1st-5th gen kindles in May,others,59,60,seam_carver,2026-04-08 11:05:09,1.0,False
47645168,Isseven,others,108,61,philipreasa,2026-04-08 11:05:09,0.5596330275229358,False
47650383,Program analysis using random interpretation (2005) [pdf],others,6,0,azhenley,2026-04-08 11:05:09,0.0,False
47624440,A CSS Engine in OCaml,others,26,0,p4bl0,2026-04-08 11:05:09,0.0,False
47669072,The Hacker News Tarpit,others,11,2,sonicrocketman,2026-04-08 11:05:09,0.16666666666666666,False
47658164,I stopped hitting Claude's usage limits – things I changed,others,23,6,taubek,2026-04-08 11:05:09,0.25,False
47668996,Hello World,others,6,1,beatthatflight,2026-04-08 11:05:09,0.14285714285714285,False
47642933,"Student disciplined for creating MSU class search tool, Spartan Scheduler",others,10,5,rmason,2026-04-08 11:05:10,0.45454545454545453,False
47660496,U.S. Lawmakers Work on Unified Site-Blocking Bill to Counter Online Piracy,others,14,0,t-3,2026-04-08 11:05:10,0.0,False
47649917,"SPF/PC v4 for MS-DOS, FreeDOS, x86",others,22,4,hggh,2026-04-08 11:05:10,0.17391304347826086,False
47621518,Tor Alva: The Tallest 3D-Printed Building in the World,others,44,14,sohkamyung,2026-04-08 11:05:10,0.3111111111111111,False
47645717,Explore union types in C# 15,others,17,1,0x00C0FFEE,2026-04-08 11:05:10,0.05555555555555555,False
47632312,The Hardest Document Extraction Problem in Insurance,others,36,5,sgondala_ycapp,2026-04-08 11:05:10,0.13513513513513514,False
47624691,HarfBuzz Slug Support with WebGL,others,28,7,mcraiha,2026-04-08 11:05:10,0.2413793103448276,False
47659609,Tiny Corp's Exabox,others,54,17,macleginn,2026-04-08 11:05:11,0.3090909090909091,False
47674885,Millions Across Europe Urged to Work from Home,others,9,1,robtherobber,2026-04-08 11:05:11,0.1,False
47651626,Reaffirming our commitment to child safety in the face of EuropeanUnion inaction,others,71,89,upofadown,2026-04-08 11:05:11,1.2361111111111112,False
47645010,Dr. Dobb's Developer Library DVD 6,others,5,0,kristianp,2026-04-08 11:05:11,0.0,False
47644928,"Kimi's response to ""hello. what are you"" is ""I'm Claude """,others,10,5,alentodorov,2026-04-08 11:05:11,0.45454545454545453,False
47664032,Artemis II Lunar Flyby (Official Broadcast),others,24,6,layer8,2026-04-08 11:05:11,0.24,False
47620939,rpg: A modern psql-compatible Postgres terminal and TUI written in Rust,others,22,3,tanelpoder,2026-04-08 11:05:12,0.13043478260869565,False
47641277,A new gene therapy is giving people born deaf the chance to hear,others,52,7,bilsbie,2026-04-08 11:05:12,0.1320754716981132,False
47654062,Ask HN: Any Interesting Niche Hobbies?,others,18,21,e-topy,2026-04-08 11:05:12,1.105263157894737,False
47635929,Naming rights to street auctioned in San Francisco,others,21,16,18nleung,2026-04-08 11:05:12,0.7272727272727273,False
47654154,Linux 7.1 Expected to Begin Removing I486 CPU Support,others,23,7,rbanffy,2026-04-08 11:05:12,0.2916666666666667,False
47630795,"Hello, World",others,92,23,reconnecting,2026-04-08 11:05:12,0.24731182795698925,False
47666358,Live: Artemis II astronauts make historic moon flyby,others,8,1,JumpCrisscross,2026-04-08 11:05:12,0.1111111111111111,False
47658204,PlayStation 3 emulator makes Cell CPU 'breakthrough' that improves performance,others,13,0,adunk,2026-04-08 11:05:12,0.0,False
47655932,Riddle solved: Why was Roman concrete so durable? (2023),others,20,4,ilamont,2026-04-08 11:05:12,0.19047619047619047,False
47669023,NY Yankees' torpedo bat is the same as regular bat,others,6,1,geox,2026-04-08 11:05:13,0.14285714285714285,False
47680527,Russia's Fancy Bear still attacking routers to boost fake sites,worldnews,7,0,lschueller,2026-04-08 11:05:13,0.0,False
47659252,Is Germany's gold safe in New York ?,others,238,273,KnuthIsGod,2026-04-08 11:05:13,1.1422594142259415,True
47660901,Rock-climbing fish can shimmy up a 50-foot waterfall,others,11,1,mooreds,2026-04-08 11:05:13,0.08333333333333333,False
47645256,Families Can Now Eat Some Fish from Hudson River for First Time in 50 Years,others,27,7,geox,2026-04-08 11:05:13,0.25,False
47625682,Idiomatic Lisp and the Nbody Benchmark,others,36,0,signa11,2026-04-08 11:05:14,0.0,False
47680851,"It's Called Silicon Sampling, and It's Going to Ruin Public Opinion Polling",others,5,2,tysone,2026-04-08 11:05:14,0.3333333333333333,False
47653990,Microsoft Publisher will no longer be supported after October 2026,others,17,5,dsego,2026-04-08 11:05:14,0.2777777777777778,False
